{"$schema":"http://schema.management.azure.com/schemas/2015-01-01/deploymentTemplate.json#","contentVersion":"1.0.0.0","parameters":{"factoryName":{"type":"string","metadata":"Data Factory name"}},"variables":{"factoryId":"[concat('Microsoft.DataFactory/factories/', parameters('factoryName'))]"},"resources":[{"name":"[concat(parameters('factoryName'), '/100_Execute_Logic_App')]","type":"Microsoft.DataFactory/factories/pipelines","apiVersion":"2018-06-01","properties":{"description":"100_Execute_Logic_App","activities":[{"name":"ExecuteAzureLogicApp","description":"Activity that executes Azure Logic App","type":"WebActivity","dependsOn":[],"policy":{"timeout":"0.12:00:00","retry":0,"retryIntervalInSeconds":30,"secureOutput":false,"secureInput":false},"userProperties":[],"typeProperties":{"url":{"value":"@pipeline().parameters.logicURL","type":"Expression"},"method":"POST","headers":{},"body":{"value":"@pipeline().parameters.logicBody","type":"Expression"}}}],"policy":{"elapsedTimeMetric":{},"cancelAfter":{}},"parameters":{"logicURL":{"type":"string"},"logicBody":{"type":"string"}},"annotations":[]},"dependsOn":[]}]}